"keyword","title","price","savings","percent","link"
"4k tv","Amazon Fire TV 43"" 4-Series 4K UHD smart TV, stream live TV without cable","$254.72","$215.27 (46%)","46","https://www.amazon.ca/dp/B08T6FMSY8?tag=lesdealsduw02-20&linkCode=osi&th=1&psc=1"
"accessory","2PCS Car Seat Gap Filler Organizer with Car Storage Slot,Multi-Functional Car Gap Filler for Phone,Key,Coin in Car Organization And Anti-Drop,Universal Car Gap Filler Organizer for Cars","$8.29","$4.70 (36%)","36","https://www.amazon.ca/dp/B0DJ141P9M?tag=lesdealsduw02-20&linkCode=osi&th=1&psc=1"
"accessory","Car Cup Holder Coaster, 4 Pack 2.75 Inch Diameter Non-Slip Universal Insert Coaster, Durable, Suitable for Most Car Interior, Car Accessory for Women and Men (red)","$7.19","$2.80 (28%)","28","https://www.amazon.ca/dp/B0B12P5JD7?tag=lesdealsduw02-20&linkCode=osi&th=1&psc=1"
"adjustable dumbbells","Keppi Adjustable Dumbbells Set-25lb Pair Dumbbells with Anti-Slip Metal Handle for Exercise & Fitness Fast Adjust Weight for Full Body Workout Fitness","$218.49","$81.50 (27%)","27","https://www.amazon.ca/dp/B0986PYJV7?tag=lesdealsduw02-20&linkCode=osi&th=1&psc=1"
"air fryer","Chefman Air Fryer – 4 QT Compact Airfryer for Quick & Easy Meals, Features Hi-Fry Technology for Extra Crisp, Easy-View Window, Touch Controls with 4 Presets, Nonstick & Dishwasher Safe Basket - Black","$69.99","$40.00 (36%)","36","https://www.amazon.ca/dp/B0D5FRXYMJ?tag=lesdealsduw02-20&linkCode=osi&th=1&psc=1"
"air fryer","CHEFMAN Multifunctional Digital AirFryer+ Rotisserie,Dehydrator, Convection Oven17 Touch Screen Presets Fry,Roast,Dehydrate, Bake, XL 10L Family Size,Auto Shutoff,Large Easy-View Window Black,10 Quart","$98.50","$93.08 (49%)","49","https://www.amazon.ca/dp/B08DL8WH9V?tag=lesdealsduw02-20&linkCode=osi&th=1&psc=1"
"air fryer","Chefman TurboFry® Touch Air Fryer, XL 8-Qt (7.5L) Family Size, One-Touch Digital Control Presets, French Fries, Chicken, Meat, Fish, Nonstick Dishwasher-Safe Parts, Automatic Shutoff, Stainless Steel","$84.99","$36.50 (30%)","30","https://www.amazon.ca/dp/B08DKYBTPH?tag=lesdealsduw02-20&linkCode=osi&th=1&psc=1"
"air fryer digital","CHEFMAN 6 Quart Dual Basket Air Fryer Oven with Easy View Windows, Sync Finish, Hi-Fry, Auto Shutoff, 2 Independent 3Qt Nonstick Dishwasher Safe Frying Baskets, Digital Double Air Fryer - Black","$99.99","$40.00 (29%)","29","https://www.amazon.ca/dp/B0CDY277D3?tag=lesdealsduw02-20&linkCode=osi&th=1&psc=1"
"air fryer digital","WHUTO 6QT Air Fryer Oven with LED Digital Touchscreen, 12 Preset Cooking Functions Air fryers, Bake, Reheat, Keep Warm, Nonstick and Dishwasher-Safe Basket, Stainless Steel/Black","$99.99","$300.00 (75%)","75","https://www.amazon.ca/dp/B0F5Q2Z1GR?tag=lesdealsduw02-20&linkCode=osi&th=1&psc=1"
"airpods","Wireless Earbuds, Bluetooth Headphones 5.4 HiFi Stereo, Wireless Earphones with ENC Noise Cancelling Mic, IP7 Waterproof in Ear Headphones, LED Digital Display Ear Buds, Touch Control, Black","$29.99","$120.00 (80%)","80","https://www.amazon.ca/dp/B0DG24GS39?tag=lesdealsduw02-20&linkCode=osi&th=1&psc=1"
"amazonbasics","Amazon Basics 21-Inch Hardside Carry-On Luggage, Hardshell Suitcase With Wheels, Expandable For Up to 25% More Space, With Scratch-Resistant Surface, Four Multi-directional Wheels, Black","$89.99","$35.26 (28%)","28","https://www.amazon.ca/dp/B071VG5N9D?tag=lesdealsduw02-20&linkCode=osi&th=1&psc=1"
"amazonbasics","Amazon Basics Double Braided Nylon USB Type-C to Type-A 2.0 Male Charger Cable | 6 feet, Dark Grey","$5.99","$9.63 (62%)","62","https://www.amazon.ca/dp/B07CWNJLQ8?tag=lesdealsduw02-20&linkCode=osi&th=1&psc=1"
"amazonbasics","Amazon Basics 3 hole punch, 10 Sheet Capacity","$8.58","$2.86 (25%)","25","https://www.amazon.ca/dp/B0879YNTTP?tag=lesdealsduw02-20&linkCode=osi&th=1&psc=1"
"apple watch","Smart Watch for Men Women, Bluetooth Calling, 1.83"" HD Touch Screen Fitness Tracker, 100+ Sports Modes,Heart Rate Sleep Monitor， DIY Dial, IP68 Waterproof, Compatible with Android & iOS","$41.99","$208.00 (83%)","83","https://www.amazon.ca/dp/B0F43L98X4?tag=lesdealsduw02-20&linkCode=osi&th=1&psc=1"
"baby","Comfy Cubs Muslin Burp Cloths Baby 50 x 25 cm, Pack of 10 - Large 6-Layer Ultra-Absorbent 100% Cotton for Babies Drool & Messes - Soft & Gentle Burp Cloth Baby Set for Boys & Girls - Multi","$29.99","$10.00 (25%)","25","https://www.amazon.ca/dp/B0CLPGQWNB?tag=lesdealsduw02-20&linkCode=osi&th=1&psc=1"
"baby","Love You Forever","$6.95","$8.00 (54%)","54","https://www.amazon.ca/dp/0920668364?tag=lesdealsduw02-20&linkCode=osi&th=1&psc=1"
"baby","akolik Teething Toys for Babies, Baby Teethers Toy Teething Ring Silicone, Grasping Teething Toy, BPA Free Teething Nursing Accessories for 3+ Months Boy, Girl Toddlers (Rudder B)","$8.19","$2.80 (25%)","25","https://www.amazon.ca/dp/B0B3GNXZ9T?tag=lesdealsduw02-20&linkCode=osi&th=1&psc=1"
"baby monitor","TP-Link Tapo 2K Pan/Tilt Indoor Security WiFi Camera, Baby & Pet Camera w/ 360° Motion Tracking, 2-Way Audio, Night Vision, Cloud & Local Storage (Up to 256 GB), Works w/Alexa & Google (Tapo C210)","$31.99","$18.00 (36%)","36","https://www.amazon.ca/dp/B09Y8TLP25?tag=lesdealsduw02-20&linkCode=osi&th=1&psc=1"
"baby monitor","HelloBaby Baby Monitor, Video Baby Monitor with Camera Remote Pan-Tilt-Zoom, 3.2 inches Screen, Infrared Night Vision, Two Way Audio, Temperature Display, Smart VOX Mode","$66.49","$23.50 (26%)","26","https://www.amazon.ca/dp/B07NRPN8W9?tag=lesdealsduw02-20&linkCode=osi&th=1&psc=1"
"baby monitor","Baby Monitor no WiFi, YOTON Video Baby Monitor with 4.3"" HD Screen, VOX Mode, Infrared Night Vision, Two Way Audio, 4X Zoom, Rechargeable 1500mAh Battery, for Baby/Pet","$34.99","$15.00 (30%)","30","https://www.amazon.ca/dp/B0CGZ7QWHN?tag=lesdealsduw02-20&linkCode=osi&th=1&psc=1"
"back to school supplies","STAEDTLER 10-Piece Math Set with Metal Compass, 6"" Ruler & Triangle Squares, 45° & 30/60° Set Squares, Alphabet Stencil - Measuring Tools","$3.00","$2.20 (42%)","42","https://www.amazon.ca/dp/B0041EV3ES?tag=lesdealsduw02-20&linkCode=osi&th=1&psc=1"
"back to school supplies","Four Candies Cute Mechanical Pencil Set, 6PCS Pastel Mechanical Pencils 0.5 & 0.7mm with 360PCS HB Leads, 3PCS Erasers and 9PCS Eraser Refills, Aesthetic School Supplies for Girls Writing","$11.99","$10.00 (45%)","45","https://www.amazon.ca/dp/B09MLP27XH?tag=lesdealsduw02-20&linkCode=osi&th=1&psc=1"
"back to school supplies","Amazon Basics Woodcased Classroom #2 Pencils with Erasers, Pre-sharpened, HB Lead, Value Pack of 30 count, Orange","$6.09","$2.04 (25%)","25","https://www.amazon.ca/dp/B071JM699B?tag=lesdealsduw02-20&linkCode=osi&th=1&psc=1"
"beauty","grace & stella Award Winning Under Eye Patches (12 pairs) Eye Masks for Puffy Eyes & Dark Circles - Birthday Gifts for Women, Bachelorette Party Favors, Bridesmaid, Self Care, Relaxation Gifts for Her","$11.95 ($1.00 / count)","$8.00 (40%)","40","https://www.amazon.ca/dp/B0CYCFRZKD?tag=lesdealsduw02-20&linkCode=osi&th=1&psc=1"
"beauty","grace & stella Hyaluronic Acid Serum for Face - Hydrating Face Serums for Women - Anti Aging Serum for Fine Lines - Acide Hyaluronique Hydrating Serum - Vegan, Paraben-Free (30 ml/1 fl oz)","$8.92 ($0.30 / millilitre)","$5.03 (36%)","36","https://www.amazon.ca/dp/B0D2Z76WKG?tag=lesdealsduw02-20&linkCode=osi&th=1&psc=1"
"best seller","Vegetable Chopper Vegetable Cutter - Food Onion Salad Veggie Chopper with Container - French Fry Potato Dicer Slicer Cutter - Kitchen Tools & Gadgets (4-in-1 Black)","$34.99","$15.00 (30%)","30","https://www.amazon.ca/dp/B0B8SQKDCL?tag=lesdealsduw02-20&linkCode=osi&th=1&psc=1"
"best seller","Matty Matheson: Soups, Salads, Sandwiches: A Cookbook","$28.60","$19.40 (40%)","40","https://www.amazon.ca/dp/0525612645?tag=lesdealsduw02-20&linkCode=osi&th=1&psc=1"
"bluetooth earbuds","soundcore by Anker P20i True Wireless Earbuds, 10mm Drivers with Big Bass, Bluetooth 5.3, 30H Long Playtime, IPX5 Water-Resistant, 2 Mics for AI Clear Calls, 22 Preset EQs, Customization via App","$29.99","$10.00 (25%)","25","https://www.amazon.ca/dp/B0BTYCRJSS?tag=lesdealsduw02-20&linkCode=osi&th=1&psc=1"
"bluetooth earbuds","Wireless Earbuds, 50H Bluetooth 5.4 Headphones Sport, Bluetooth Earbuds with ENC Noise Canceling, HiFi Stereo Sound Wireless Earphones with Earhooks, IP7 Waterproof Ear Buds for Sports/Workout/Running","$29.98","$130.01 (81%)","81","https://www.amazon.ca/dp/B0D5VJLJGS?tag=lesdealsduw02-20&linkCode=osi&th=1&psc=1"
"bluetooth earbuds","Monster Achieve 100 AirLinks Wireless Earbuds, True Wireless Earbuds Bluetooth Headphones, Earphones in-Ear Built-in Mic Headset, 24-Hour Playtime, Water Resistant Design for Sports, Black","$59.00","$120.99 (67%)","67","https://www.amazon.ca/dp/B0FHDPZ2JW?tag=lesdealsduw02-20&linkCode=osi&th=1&psc=1"
"bluetooth earbuds","Monster N-Lite 211 Wireless Earbuds， Bluetooth 6.0 Stereo Headphones with Noise-Cancelling Mic and LED Display, Built-in Mic for Clear Calls, Waterproof Design for Sports","$39.99","$130.00 (76%)","76","https://www.amazon.ca/dp/B0DX1G9VHV?tag=lesdealsduw02-20&linkCode=osi&th=1&psc=1"
"bluetooth earbuds","Wireless Earbuds, Bluetooth 5.3 Headphones HiFi Stereo, Mini in-Ear Bluetooth Earbuds, Wireless Earphones with 4 ENC Noise Cancelling Mic, IP7 Waterproof, LED Display, Touch Control Ear Buds, White","$22.78","$47.21 (67%)","67","https://www.amazon.ca/dp/B0CBWN2S86?tag=lesdealsduw02-20&linkCode=osi&th=1&psc=1"
"bluetooth headphones","soundcore by Anker Q20i Hybrid Active Noise Cancelling Headphones, Wireless Over-Ear Bluetooth, 40H Long ANC Playtime, Hi-Res Audio, Big Bass, Customize via an App, Transparency Mode, Ideal for Travel","$69.99","$30.00 (30%)","30","https://www.amazon.ca/dp/B0C3HCD34R?tag=lesdealsduw02-20&linkCode=osi&th=1&psc=1"
"bluetooth headphones","Glynzak Wireless Bluetooth Headphones Over Ear 65H Playtime HiFi Stereo Headset with Microphone and 6EQ Modes Foldable Bluetooth V5.3 Headphones for Desktop Computer Laptop Rose Gold","$27.99","$19.00 (40%)","40","https://www.amazon.ca/dp/B0BMLXSNG8?tag=lesdealsduw02-20&linkCode=osi&th=1&psc=1"
"bluetooth headphones","JBL Tune 520BT - Wireless On-Ear Headphones, Up to 57H Battery Life and Speed Charge, Lightweight, Comfortable and Foldable Design, Hands-Free Calls with Voice Aware (Black)","$39.98","$30.00 (43%)","43","https://www.amazon.ca/dp/B0C1HGKNG7?tag=lesdealsduw02-20&linkCode=osi&th=1&psc=1"
"bluetooth headphones","Picun B8 Bluetooth Headphones, 120 Hours Headphones Wireless Bluetooth, Hands-Free Calls, 3EQ & Game Mode, Foldable Headphones Over Ear for Travel Home Office Cellphone PC","$25.48","$9.51 (27%)","27","https://www.amazon.ca/dp/B0CFV9XR2Q?tag=lesdealsduw02-20&linkCode=osi&th=1&psc=1"
"bluetooth speaker","Anker Soundcore 2 Portable Bluetooth Speaker with 12W Stereo Sound, Bluetooth 5, Bassup, IPX7 Waterproof, 24-Hour Playtime, Wireless Stereo Pairing, Speaker for Home, Outdoors, Travel","$47.00","$22.99 (33%)","33","https://www.amazon.ca/dp/B01MTB55WH?tag=lesdealsduw02-20&linkCode=osi&th=1&psc=1"
"bluetooth speaker","Monster Shock Portable Bluetooth Speaker,30W Loud Sound, IPX6 Waterproof Speaker,17 Hours Playback, Bluetooth 5.4 TWS Pairing Portable Wireless Speaker for Home, Outdoors","$39.99","$160.00 (80%)","80","https://www.amazon.ca/dp/B0FF4WCNFX?tag=lesdealsduw02-20&linkCode=osi&th=1&psc=1"
"camera","Digital Camera,Maxmango UHD Autofocus Vlogging Camera with 16X Digital Zoom,2.8 inch 180° Flip Screen Compact Travel Camera with 32GB SD Card for Teenagers, Beginners,Adults","$49.99","$50.00 (50%)","50","https://www.amazon.ca/dp/B0F8GRXB7Q?tag=lesdealsduw02-20&linkCode=osi&th=1&psc=1"
"camping gear","Coleman Gas Camping Stove | Classic Propane Stove, 2 Burner, 4.1 x 21.9 x 13.7 Inches","$84.73","$28.24 (25%)","25","https://www.amazon.ca/dp/B00005OU9D?tag=lesdealsduw02-20&linkCode=osi&th=1&psc=1"
"car","Miracase Phone Holder for Car Air Vent【Stability via Clip & Metal Hook】 Car Phone Holder Mount, 360°Cell Phone Holder Car Mount Fits iPhone 16 15 Pro Max 14 Samsung and All Phones","$18.99","$11.00 (37%)","37","https://www.amazon.ca/dp/B08B6B62QZ?tag=lesdealsduw02-20&linkCode=osi&th=1&psc=1"
"car","Keepsmile Car Accessories Interior Car LED Lights with Remote and APP Control Music Sync Color Change Under Dash RGB Car Lighting with Car Charger 12V 1A LED Lights for Car","$19.99","$7.00 (26%)","26","https://www.amazon.ca/dp/B0CGRHQBPM?tag=lesdealsduw02-20&linkCode=osi&th=1&psc=1"
"cheap","Paper Mate InkJoy Pen Ballpoint Stick, Ball Point 10 Stick Pen Assorted Barrels Medium-1.0mm, Pouch of 10, Assorted Fashion Coloured Inks (1782970)","$1.98","$1.00 (34%)","34","https://www.amazon.ca/dp/B008V7CKXY?tag=lesdealsduw02-20&linkCode=osi&th=1&psc=1"
"clearance","Shower Steamers Aromatherapy Shower Bath Bombs with Pure Essential Oils for Home Spa. Bath Steamer Christmas Gift Set for Lovers, Wife, Moms, Christmas Birthday Mothers' Valentines' Day-8pack","$10.59 ($1.32 / count)","$4.40 (29%)","29","https://www.amazon.ca/dp/B0B436K11G?tag=lesdealsduw02-20&linkCode=osi&th=1&psc=1"
"clearance","Vafodo Shaggy Area Rugs for Bedroom Living Room Ultra Soft Fluffy Throw Carpets for Girls Boys Kids Play Room Modern Home Decor Soft Fluffy Rugs (2X3 Feet, Navy Blue)","$14.09","$4.60 (25%)","25","https://www.amazon.ca/dp/B0B3RF8ZZC?tag=lesdealsduw02-20&linkCode=osi&th=1&psc=1"
"clearance","Queen Size 4 Piece Sheet Set - Comfy Breathable & Cooling Sheets - Hotel Luxury Bed Sheets for Women & Men - Deep Pockets, Easy-Fit, Extra Soft & Wrinkle Free Sheets - White Oeko-Tex Bed Sheet Set","$20.99","$44.00 (68%)","68","https://www.amazon.ca/dp/B01M16WBW1?tag=lesdealsduw02-20&linkCode=osi&th=1&psc=1"
"coffee maker","Mr. Coffee Programmable Coffee Maker | 10-Cup Coffee Machine with Thermal Carafe | Stainless Steel","$87.98","$32.01 (27%)","27","https://www.amazon.ca/dp/B0B2XXKYDX?tag=lesdealsduw02-20&linkCode=osi&th=1&psc=1"
"computer","BOSGAME B95 Mini PC Desktop Computers, Intel 12th Gen N95, 16GB DDR4 RAM, 512GB M.2 SSD, Dual HDMI, Type-C, 4K UHD, WiFi 5, BT 5.0, Compact Silent PC for Home Theater, Streaming, Office","$199.99","$80.00 (29%)","29","https://www.amazon.ca/dp/B0C7C2TJKV?tag=lesdealsduw02-20&linkCode=osi&th=1&psc=1"
"computer","KAMRUI AK1PLUS Mini PC W-11 Pro, 12th Gen N95 Processor (up to 3.4GHz), Mini Desktop Computers with 16GB RAM 512GB M.2 2.5"" SSD, Mini Computer Support Dual 4K UHD for Home Business Office","$209.99","$70.00 (25%)","25","https://www.amazon.ca/dp/B0C27748R9?tag=lesdealsduw02-20&linkCode=osi&th=1&psc=1"
"deal","The Deal (Collector's Edition)","$31.11","$16.88 (35%)","35","https://www.amazon.ca/dp/1464241767?tag=lesdealsduw02-20&linkCode=osi&th=1&psc=1"
"deal","Reese's Puffs - Family Pack Size - Peanut Butter and Cocoa Flavour Cereal Bars, Pack of 16 Bars, Made with Real Reese's Peanut Butter","$6.77 ($1.76 / 100 g)","$2.22 (25%)","25","https://www.amazon.ca/dp/B08HF61Q5X?tag=lesdealsduw02-20&linkCode=osi&th=1&psc=1"
"deal","WALNEW RFID Blocking Passport Holder Travel Wallet Cover Case","$11.39","$8.60 (43%)","43","https://www.amazon.ca/dp/B07KYC3C7Z?tag=lesdealsduw02-20&linkCode=osi&th=1&psc=1"
"deal ps5","PS5 / PS5 Slim / PS5 Pro Stand and Cooling Station with LED Controller Charging Station for PlayStation 5 Console, PS5 Controller Charger, PS5 / PS5 Slim / PS5 Pro Accessories with 3 Level Cooling Fan","$41.79","$28.20 (40%)","40","https://www.amazon.ca/dp/B08T1KHHR9?tag=lesdealsduw02-20&linkCode=osi&th=1&psc=1"
"desk lamp","LEPOWER Metal Desk Lamp, Eye-Caring Table Lamp, Study Lamps with Flexible Goose Neck for Bedroom, Home Office (Matte Black)","$27.99","$10.00 (26%)","26","https://www.amazon.ca/dp/B078W61H9P?tag=lesdealsduw02-20&linkCode=osi&th=1&psc=1"
"desk lamp","Fenmzee Bedside Table Lamp for Bedroom - 3 Way Dimmable Touch Lamp USB C Charging Ports and AC Outlet, Small Lamp Wood Base Round Flaxen Fabric Shade for Living Room, Desk, LED Bulb Included","$29.99","$10.00 (25%)","25","https://www.amazon.ca/dp/B0BZXNSW5K?tag=lesdealsduw02-20&linkCode=osi&th=1&psc=1"
"discount","SXhyf Hard Bristle Crevice Cleaning Brush - Multifunctional Gap Cleaning Brush, Bathroom Cleaning Brush, Grout Brush, Crevice Cleaning Tools for Household Use, Kitchen, Window, Vehicle (Black)","$6.13","$5.86 (49%)","49","https://www.amazon.ca/dp/B0CRZ3T7VM?tag=lesdealsduw02-20&linkCode=osi&th=1&psc=1"
"dish soap","Dawn Platinum Dish Soap, Dishwashing Liquid, Refreshing Rain Scent, 1.12 L","$5.12 ($0.46 / 100 ml)","$1.67 (25%)","25","https://www.amazon.ca/dp/B09SP24VD5?tag=lesdealsduw02-20&linkCode=osi&th=1&psc=1"
"dishwasher detergent","Finish Power Ball All In 1 Max Dishwasher Detergent Pods, For Everyday Clean and Shine, 105 Tabs","$19.99 ($0.19 / count)","$8.00 (29%)","29","https://www.amazon.ca/dp/B07ZZV4WXT?tag=lesdealsduw02-20&linkCode=osi&th=1&psc=1"
"electronics","Portable-Charger-Power-Bank - 40000mAh Power Bank PD 30W and QC 4.0 Quick Charging Built-in Bright Flashlight LED Display 2 USB 1Type-C Output for Most Electronic Devices on The Market (Matte Black)","$42.49","$157.50 (79%)","79","https://www.amazon.ca/dp/B0D9VSC8RT?tag=lesdealsduw02-20&linkCode=osi&th=1&psc=1"
"electronics","JBL Tune 520BT - Wireless On-Ear Headphones, Up to 57H Battery Life and Speed Charge, Lightweight, Comfortable and Foldable Design, Hands-Free Calls with Voice Aware (Blue)","$39.98","$30.00 (43%)","43","https://www.amazon.ca/dp/B0CGMV5TMR?tag=lesdealsduw02-20&linkCode=osi&th=1&psc=1"
"electronics","Frameo 10.1 Inch WiFi Digital Picture Frame, 1280x800 HD IPS Touch Screen Photo Frame Electronic, 32GB Memory, Auto-Rotate, Wall Mountable, Share Photos/Videos Instantly via Frameo App from Anywhere","$69.99","$40.00 (36%)","36","https://www.amazon.ca/dp/B088NHSVJN?tag=lesdealsduw02-20&linkCode=osi&th=1&psc=1"
"external hard drive","Western Digital 14TB Elements Desktop External Hard Drive, USB 3.0 external hard drive for plug-and-play storage - WDBWLG0140HBK-NESN","$274.99","$116.64 (30%)","30","https://www.amazon.ca/dp/B07YD3G568?tag=lesdealsduw02-20&linkCode=osi&th=1&psc=1"
"external hard drive","500GB External Hard Drive Portable - Maxone Ultra Slim 2.5'' External HDD USB 3.0 Compatible with PC, Laptop, Rose Pink","$39.58","$23.41 (37%)","37","https://www.amazon.ca/dp/B07BCP5L2B?tag=lesdealsduw02-20&linkCode=osi&th=1&psc=1"
"fan","Honeywell HT900C 7"" TurboForce® POWER+ Desk/Table Fan, Air Circulator for Small Bedroom, Portable, Wall Mountable, Energy Saving, 3 Speeds, Black","$19.98","$10.01 (33%)","33","https://www.amazon.ca/dp/B00JE36AQ2?tag=lesdealsduw02-20&linkCode=osi&th=1&psc=1"
"fan","Honeywell HYF290BCM1 QuietSet® 8 Whole Room 40” Tall Tower Fan Home, Bedroom, Office, 75° Oscillation, Remote Control, 8 speeds, Slim Profile, Auto Shut-Off, Portable, Easy-to Use Controls, Black","$63.99","$46.00 (42%)","42","https://www.amazon.ca/dp/B01CU2Y2Q8?tag=lesdealsduw02-20&linkCode=osi&th=1&psc=1"
"fashion","Double Sided Tape for Clothes, Body and Fashion Tape (75 Pack) | Clothing and Hem Adhesive for Women, No Sew No Iron, Strong Fabric Adhesive for Skin for All Shades and Sensitivity, Includes Tin Box","$9.99 ($0.13 / Count)","$5.00 (33%)","33","https://www.amazon.ca/dp/B0B2WCYDG2?tag=lesdealsduw02-20&linkCode=osi&th=1&psc=1"
"fashion","Madison Avenue Blue Light Blocking Glasses Oversized Fashion Blue Light Glasses for Women Anti Eyestrain & UV Protection Computer Eyeglasses (Grey Demi)","$19.50","$6.49 (25%)","25","https://www.amazon.ca/dp/B09PG5PLKK?tag=lesdealsduw02-20&linkCode=osi&th=1&psc=1"
"fathers day gifts","Crafted Seasonings Co. BBQ Rubs and Spice Blends for Smoking and Grilling – 5 Pack Handcrafted Rubs and Seasonings Set, Perfect for Grill, Smoker, Outdoor Cooking, BBQ Gifts for Men","$25.90 ($0.06 / gram)","$10.60 (29%)","29","https://www.amazon.ca/dp/B0CTWGM4MB?tag=lesdealsduw02-20&linkCode=osi&th=1&psc=1"
"fathers day gifts","Spice Rack Co. BBQ Rubs And Spices For Smoking - Grill Smoker Rubs Spices and Seasonings Set, Smoker Accessories & BBQ Accessories, Birthday Gift For Him, Mens Birthday Gifts For Men (5 Pack)","$25.90 ($0.06 / gram)","$10.60 (29%)","29","https://www.amazon.ca/dp/B09SXKFNT3?tag=lesdealsduw02-20&linkCode=osi&th=1&psc=1"
"fire stick","Amazon Fire TV Stick with Alexa Voice Remote (includes TV controls), HD streaming device","$27.89","$32.10 (54%)","54","https://www.amazon.ca/dp/B08C1TR9X6?tag=lesdealsduw02-20&linkCode=osi&th=1&psc=1"
"fire stick","Roku Express 4K (Official Manufacturer Product) Streaming Media Player HD/4K/HDR with Smooth Wireless Streaming and Roku Simple Remote (No TV Controls), Includes Premium HDMI Cable","$32.10","$17.89 (36%)","36","https://www.amazon.ca/dp/B092KCB23T?tag=lesdealsduw02-20&linkCode=osi&th=1&psc=1"
"fire stick","Amazon Fire TV Stick 4K streaming device with Alexa Voice Remote (includes TV controls), Dolby Vision","$37.19","$32.80 (47%)","47","https://www.amazon.ca/dp/B08XVW2CRY?tag=lesdealsduw02-20&linkCode=osi&th=1&psc=1"
"fire stick","Amazon Fire TV Stick 4K Max streaming device, Wi-Fi 6, Alexa Voice Remote (includes TV controls)","$51.14","$23.85 (32%)","32","https://www.amazon.ca/dp/B08MR2C1T7?tag=lesdealsduw02-20&linkCode=osi&th=1&psc=1"
"fitness","Vitafit Smart Bathroom Scale Body Weight, Weight Scale Professional Factory Since 2001, App Sync 13 Body Composition Including BMI, Body Fat and Muscle, 400lb in 0.1lb Precision, White LED, Black","$19.35","$8.64 (31%)","31","https://www.amazon.ca/dp/B09KLH3ZC1?tag=lesdealsduw02-20&linkCode=osi&th=1&psc=1"
"fitness","Resistance Bands with Ankle Straps, Ankle Weights Bands for Working Out, Exercise Band for Women Leg and Glute, Booty Workout Equipment for Kickbacks,Butt and Hip Training, Home Gym Fitness Equipment","$19.80","$10.19 (34%)","34","https://www.amazon.ca/dp/B0CJ2QR1PY?tag=lesdealsduw02-20&linkCode=osi&th=1&psc=1"
"fitness tracker","Smart Watch for Men Women 1.8"" Fitness Tracker, Bluetooth Call, DIY Dial, Heart Rate Sleep Blood Oxygen Monitor, 100+ Sports Modes, IP68 Waterproof Smartwatch for Android iPhone, Alexa Built-in","$29.98","$70.01 (70%)","70","https://www.amazon.ca/dp/B0D4VCGXPL?tag=lesdealsduw02-20&linkCode=osi&th=1&psc=1"
"fitness tracker","Fitness Tracker with 24/7 Heart Rate Blood Oxygen Sleep Monitor,Activity Tracker with 1.1"" AMOLED Touch Color Screen, Multiple Sport Modes Step Counter,IP68 Waterproof for Women Men (Black)","$29.99","$10.00 (25%)","25","https://www.amazon.ca/dp/B0DSBW9YFB?tag=lesdealsduw02-20&linkCode=osi&th=1&psc=1"
"fitness tracker","Smart Watch for Men Women, Bluetooth Calling, 1.83"" HD Touch Screen Fitness Tracker, 100+ Sports Modes, Heart Rate Sleep Monitor, DIY Dial, IP68 Waterproof, Compatible with Android & iOS","$41.99","$208.00 (83%)","83","https://www.amazon.ca/dp/B0F4839SDF?tag=lesdealsduw02-20&linkCode=osi&th=1&psc=1"
"fitness watch","Smart Watch for Men Women, Bluetooth Call Smartwatch with AI Voice, 1.85"" HD DIY Dial Fitness Watch, Heart Rate/SpO2/Steps/Sleep Monitor, 100+ Sports Modes, IP68 Waterproof Watch for Android iOS","$49.99","$250.00 (83%)","83","https://www.amazon.ca/dp/B0F1F7PJNN?tag=lesdealsduw02-20&linkCode=osi&th=1&psc=1"
"fitness watch","Smart Watch for Men Women with Bluetooth Call,Alexa Built-in Smartwatch,1.83"" DIY Dial Fitness Watch with Sleep Heart Rate SpO2 Monitor,100+ Sport Mode,IP68 Waterproof Watch Compatible with Android","$29.99","$100.00 (77%)","77","https://www.amazon.ca/dp/B0D7CLX7DM?tag=lesdealsduw02-20&linkCode=osi&th=1&psc=1"
"fitness watch","aeac Smart Watch for Women, AMOLED Ultra-Clear Screen Fitness Tracker with Step Counter/Heart Rate/Sleep/SpO2 Monitor, Waterproof Montre Intelligente Femme for iPhone/Samsung/Android（Pink）","$99.89","$100.10 (50%)","50","https://www.amazon.ca/dp/B0FG7Y65CP?tag=lesdealsduw02-20&linkCode=osi&th=1&psc=1"
"fitness watch","Smart Watch for Men Women Bluetooth Call, 1.85"" HD Touch Screen AI Voice Smartwatch, Fitness Tracker with Sleep/Heart Rate Monitor, 100+ Sports Modes, IP68 Waterproof, Compatible with Android & iOS","$49.99","$250.00 (83%)","83","https://www.amazon.ca/dp/B0F2SXCYR9?tag=lesdealsduw02-20&linkCode=osi&th=1&psc=1"
"gaming","Japanese Sea Wave Large Mouse Pad, Anime Black Gaming, Extended Kanagawa Mat Desk Pad, 3mm Thick Long Non-Slip Rubber Base Mice Pad, 31.5 X 11.8 Inch","$12.80","$7.19 (36%)","36","https://www.amazon.ca/dp/B0BB3B8G45?tag=lesdealsduw02-20&linkCode=osi&th=1&psc=1"
"gaming","Ozeino Gaming Headset for Ps5 Ps4 PC, Over Ear Gaming Headphones with Noise Cancelling Microphone RGB Light, Deep Bass Stereo Sound Headset for Xbox Series X/S, Switch, Laptop, Mac, Phone","$29.44","$10.55 (26%)","26","https://www.amazon.ca/dp/B09H7BZN98?tag=lesdealsduw02-20&linkCode=osi&th=1&psc=1"
"gaming","ZealSound USB Microphone,Condenser Phone Computer PC Mic kit,Plug&Play Gaming Microphones for PS 4&5.Mic Gain&Volume Control,Echo &Mute Button for Vocal,Record,Streaming,Discord YouTube Podcast on Mac","$35.54","$24.45 (41%)","41","https://www.amazon.ca/dp/B0932BCM2T?tag=lesdealsduw02-20&linkCode=osi&th=1&psc=1"
"gaming chair","Gaming Chair with Recline, Video Game Chair Built-in Massage, Footrest & Headrest, Height Adjustable Ergonomic Gamer Chair, 360° Swivel Computer Chair Office Desk Chair for Adult","$113.99","$66.00 (37%)","37","https://www.amazon.ca/dp/B0DZMF6GH6?tag=lesdealsduw02-20&linkCode=osi&th=1&psc=1"
"gaming headset","JBL Quantum 100 Wired Over-Ear Gaming Headset with Detachable Mic and 3.5mm Audio Cable - Black","$39.98","$20.00 (33%)","33","https://www.amazon.ca/dp/B084CWCJTW?tag=lesdealsduw02-20&linkCode=osi&th=1&psc=1"
"gift","Otlonpe Glass Rose Flower, Womens Gift for Christmas Valentines Day Mothers Day Teacher Appreciation Graduation, Birthday Gift for Women Mom Wife Girlfriend Grandma Sister Teacher Friend (Colorful)","$19.99","$10.00 (33%)","33","https://www.amazon.ca/dp/B09Q1X4YQH?tag=lesdealsduw02-20&linkCode=osi&th=1&psc=1"
"hair dryer","Ion Hair Dryer AC Motor 1800 W Hair Dryer, slopehill Quick Drying Hair Dryer, Salon Hair Dryer with Hot/Cold Button, 3 Hair Dryer Concentrators and Diffuser, 3 Temperature Settings, 2-Speed (Purple)","$38.24","$31.75 (45%)","45","https://www.amazon.ca/dp/B086SR1KML?tag=lesdealsduw02-20&linkCode=osi&th=1&psc=1"
"hair dryer","InfinitiPro by Conair 259NC Performance Hair Dryer, 1875 Watts Blow Dryer, Fast Drying, Ceramic Ionic Technology, Smooth, Shiny Hair and Less Frizz, 3 Heat/ 2 Speed, Removable Filter, Good for travel","$24.97","$10.27 (29%)","29","https://www.amazon.ca/dp/B00VYEB3IY?tag=lesdealsduw02-20&linkCode=osi&th=1&psc=1"
"hair dryer","Slopehill Hair Dryer with Unique Brushless Motor | IQ Perfetto | Innovative Microfilter | Oxy Active Technology | Led Display (Gray)","$69.98","$130.01 (65%)","65","https://www.amazon.ca/dp/B08HRQG2M6?tag=lesdealsduw02-20&linkCode=osi&th=1&psc=1"
"headphones","Sony WH-CH520 Wireless Headphones Bluetooth On-Ear Headset with Microphone, Black","$59.98","$40.01 (40%)","40","https://www.amazon.ca/dp/B0BS1PRC4L?tag=lesdealsduw02-20&linkCode=osi&th=1&psc=1"
"headphones","Soundcore Anker Life Q20 Hybrid Active Noise Cancelling Headphones, Wireless Over Ear Bluetooth Headphones, 60H Playtime, Hi-Res Audio, Deep Bass, Memory Foam Ear Cups, Travel, Office, USB-C Charging","$43.99","$36.00 (45%)","45","https://www.amazon.ca/dp/B0DLKB5V35?tag=lesdealsduw02-20&linkCode=osi&th=1&psc=1"
"headphones","KVIDIO Bluetooth Headphones Over Ear, 65 Hours Wireless Headphones with Microphone, Foldable Lightweight HiFi Stereo Headset with Deep Bass Headphones for Travel Work Laptop PC Cellphone","$36.99","$13.00 (26%)","26","https://www.amazon.ca/dp/B09BF64J55?tag=lesdealsduw02-20&linkCode=osi&th=1&psc=1"
"home","Moforoco Shower Caddy Shelf Organizer Rack, Self Adhesive Black Bathroom Shelves Basket, Home Farmhouse Wall Shower Inside Organization and Storage Decor Rv Accessories, First Apartment Essentials","$17.99","$15.00 (45%)","45","https://www.amazon.ca/dp/B09MFDXZHJ?tag=lesdealsduw02-20&linkCode=osi&th=1&psc=1"
"home","MOMEEMO Glass Soap Dispenser Set, Contains Hand Soap and Dish Soap Dispenser.Suitable for Kitchen Decor. (Black & White)","$22.10","$21.89 (50%)","50","https://www.amazon.ca/dp/B09TQLC5TK?tag=lesdealsduw02-20&linkCode=osi&th=1&psc=1"
"home","Queen Size 4 Piece Sheet Set - Comfy Breathable & Cooling Sheets - Hotel Luxury Bed Sheets for Women & Men - Deep Pockets, Easy-Fit, Soft & Wrinkle Free Sheets - Light Grey Oeko-Tex Bed Sheet Set","$33.99","$31.00 (48%)","48","https://www.amazon.ca/dp/B06X9GC2H3?tag=lesdealsduw02-20&linkCode=osi&th=1&psc=1"
"home","3 Pack Fragrance Reed Diffuser, 50ML Lavender Jasmine Lemongrass Aromatherapy Diffuser Set with 12 Black Fiber Sticks,Air Freshener for Bedroom Bathroom Office, 8.2X 6.6X 2.1 inch","$23.92","$12.07 (34%)","34","https://www.amazon.ca/dp/B09MYCXMVP?tag=lesdealsduw02-20&linkCode=osi&th=1&psc=1"
"kindle","Amazon Kindle Scribe (32 GB) - Now write directly on books and documents. A Kindle and notebook, all in one. Includes Premium Pen.","$203.64","$276.35 (58%)","58","https://www.amazon.ca/dp/B09BSQ365J?tag=lesdealsduw02-20&linkCode=osi&th=1&psc=1"
"keyboard","Gaming Keyboard, 104 Keys All-Metal Panel, Dacoity Rainbow LED Backlit Quiet Computer Keyboard, Wrist Rest, Multimedia Keys, Anti-ghosting Keys, Waterproof Light Up USB Wired Keyboard for PC Mac Xbox","$29.99","$10.00 (25%)","25","https://www.amazon.ca/dp/B09TZWLFLY?tag=lesdealsduw02-20&linkCode=osi&th=1&psc=1"
"keyboard","Arteck 2.4G Wireless Keyboard Stainless Steel Ultra Slim Full Size Keyboard with Numeric Keypad for Computer/Desktop/PC/Laptop/Surface/Smart TV and Windows 10/8/ 7 Built in Rechargeable Battery","$35.14","$24.85 (41%)","41","https://www.amazon.ca/dp/B07D34L57F?tag=lesdealsduw02-20&linkCode=osi&th=1&psc=1"
"keyboard","Wireless Keyboard and Mouse Combo, Lovaky 2.4G Full-Sized Ergonomic Keyboard Mouse, 3 DPI Adjustable Cordless USB Keyboard and Mouse, Quite Click for Computer/Laptop/Windows/Mac","$29.99","$10.00 (25%)","25","https://www.amazon.ca/dp/B09KC6PSR9?tag=lesdealsduw02-20&linkCode=osi&th=1&psc=1"
"keyboard","Amazon Basics Matte Black Wired Keyboard, US QWERTY Layout","$23.77","$7.93 (25%)","25","https://www.amazon.ca/dp/B07WJ5D3H4?tag=lesdealsduw02-20&linkCode=osi&th=1&psc=1"
"kitchen","Vegetable Chopper Cutter Mandoline Slicer Cheese Grater - Food Onion Salad Veggie Chopper with Container - French Fry Potato Dicer Slicer Cutter - Kitchen Tools Gadgets (6-in-1 Compact White)","$24.99","$15.00 (38%)","38","https://www.amazon.ca/dp/B0BHSXFTGH?tag=lesdealsduw02-20&linkCode=osi&th=1&psc=1"
"kitchen","Silicone Cooking Utensils Set - 446°F Heat Resistant Kitchen Utensils,Turner Tongs,Spatula,Spoon,Brush,Whisk,Kitchen Utensil Gadgets Tools Set for Nonstick Cookware,Dishwasher Safe (BPA Free)","$25.49","$20.50 (45%)","45","https://www.amazon.ca/dp/B08VJ1LDFH?tag=lesdealsduw02-20&linkCode=osi&th=1&psc=1"
"kitchen","CROWNFUL Food Scale, 11lb Digital Kitchen Scales Weight Ounces and Grams for Cooking and Baking, 6 Units with Tare Function (Battery Included)","$14.99","$7.00 (32%)","32","https://www.amazon.ca/dp/B08CZ9R2D5?tag=lesdealsduw02-20&linkCode=osi&th=1&psc=1"
"kitchen","Cisily Sponge Holder for Kitchen Sink, Sink Caddy with High Brush Holder, Organzier Rustproof 304 Stainless Steel Dish Organizer Divider, Soap Dispenser Storage (Black)","$21.99","$8.00 (27%)","27","https://www.amazon.ca/dp/B0C3QZ7SNF?tag=lesdealsduw02-20&linkCode=osi&th=1&psc=1"
"kitchen","Umite Chef Mixing Bowls with Airtight Lids 6 Piece Stainless Steel Metal Nesting Storage Bowls, Non-Slip Bottoms Size 7, 3.5, 2.5, 2.0,1.5, 1QT, Great for Mixing & Serving (Khaki}","$42.49","$17.50 (29%)","29","https://www.amazon.ca/dp/B08TH6VP1K?tag=lesdealsduw02-20&linkCode=osi&th=1&psc=1"
"kitchen organizer","Cicilyna 2 Pack Under Sink Organizer, 2 Tier Bathroom Cabinet Organizers and Storage with Hook, Multi-purpose Storage Basket Shelf for Kitchen, Black","$19.99 ($10.00 / Pack)","$26.00 (57%)","57","https://www.amazon.ca/dp/B0B7WYQ7RP?tag=lesdealsduw02-20&linkCode=osi&th=1&psc=1"
"kitchen organizer","Nmgkokew 4 Piece Kitchen Cabinet Door Storage Box,Self Adhesive Wall Mounted Storage Box,Wardrobe/Bathroom/Refrigerator Small Items Organizer Storage Box","$8.80 ($2.20 / count)","$4.19 (32%)","32","https://www.amazon.ca/dp/B0CHJ3XYDG?tag=lesdealsduw02-20&linkCode=osi&th=1&psc=1"
"kitchen organizer","Pots and Pans Organizer for Cabinet, ORDORA 8 Tier Pot Rack with 3 DIY Methods, Adjustable Pan Organizer Rack for Cabinet, Pot Organizer for Kitchen Organization & Storage, Pot Lid Organizer","$33.99","$12.00 (26%)","26","https://www.amazon.ca/dp/B08DY9HRWD?tag=lesdealsduw02-20&linkCode=osi&th=1&psc=1"
"kitchen storage","PRAKI Airtight Food Storage Container Set with Lids, 16 Pcs Plastic Dry Food Canisters for Kitchen Pantry Organizers and Storage, Ideal for Cereal, Flour & Sugar - Labels, Marker(Black)","$33.19 ($2.07 / Count)","$15.80 (32%)","32","https://www.amazon.ca/dp/B08TWBX7KT?tag=lesdealsduw02-20&linkCode=osi&th=1&psc=1"
"kitchen storage","SONGMICS Cabinet Organizer Shelf, Set of 2 Kitchen Counter Shelves, Kitchen Storage, Spice Rack, Stackable, Expandable, Metal and Engineered Wood, Ink Black and Natural Beige UKCS02NB","$23.99","$8.00 (25%)","25","https://www.amazon.ca/dp/B07RGGYLGY?tag=lesdealsduw02-20&linkCode=osi&th=1&psc=1"
"labubu","17cm Doll Clothes Suitable for 17cm labubu Dolls Accessories Sitting Strap Pants Set 1hat+1romper+1shirt Set No Doll (Green)","$0.99","$7.85 (89%)","89","https://www.amazon.ca/dp/B0DJRK8XMW?tag=lesdealsduw02-20&linkCode=osi&th=1&psc=1"
"laptop","SGIN 17.3 Inch Laptop Computer, Windows 11 Laptops with Celeron I3 Processor, 4GB DDR3 128GB SSD Ordinateur Portable, FHD IPS Display, Type-C, HDMI, 5G WiFi, BT4.2, for Business and Students(Black)","$329.99","$495.00 (60%)","60","https://www.amazon.ca/dp/B0FCY3TGSV?tag=lesdealsduw02-20&linkCode=osi&th=1&psc=1"
"laptop","Acer Aspire 3 A315-24P-R7VH, 15.6"" FHD 1920x1080 Laptop, AMD Ryzen 3 7320U, Radeon Graphics, 8GB RAM, 128G SSD, Windows 11 in S Mode","$399.00","$130.99 (25%)","25","https://www.amazon.ca/dp/B0BS4BP8FB?tag=lesdealsduw02-20&linkCode=osi&th=1&psc=1"
"laptop","jumper 16 Inch Laptop, 4GB RAM 128GB Storage Expandable 1TB, Office 365 1-Year Subscription, 5305U Processor, 1200p IPS FHD Display, Windows 11 Computer with Stereo Speakers, HDMI, WiFi-5.","$329.99","$470.00 (59%)","59","https://www.amazon.ca/dp/B0FH45J481?tag=lesdealsduw02-20&linkCode=osi&th=1&psc=1"
"laptop","2025 Newest Laptop, 15.6 Inch Laptop Computer with N150 Processor(Up to 3.6GHz), HD Display, 16GB RAM 512GB SSD Work Laptop Win 11 Laptop, HDMI, WiFi, Bluetooth, Type-C, Webcam","$393.99","$356.00 (47%)","47","https://www.amazon.ca/dp/B0F8NNDP74?tag=lesdealsduw02-20&linkCode=osi&th=1&psc=1"
"laptop","HP 15.6 inch Laptop PC, Intel N100 Processor, 4 GB DDR4, 128GB Storage, Intel UHD Graphics, FHD (1920 x 1080) Display, Windows 11 Home, Copilot Key, Natural Silver (15-fd0016ca)","$279.99","$120.00 (30%)","30","https://www.amazon.ca/dp/B0DVD5RQ86?tag=lesdealsduw02-20&linkCode=osi&th=1&psc=1"
"led strip lights","Keepsmile 100ft Led Strip Lights (2 Rolls of 50ft) Bluetooth App Control Led Lights Strip with Remote Music Sync Color Changing RGB Led Lights for Bedroom Room Home Christmas Decor (Lumiere Led 30M)","$17.98","$12.01 (40%)","40","https://www.amazon.ca/dp/B0CH9SD1DL?tag=lesdealsduw02-20&linkCode=osi&th=1&psc=1"
"led strip lights","Lepro LED Lights, 16.4ft LED Lights Strip for Bedroom, 150 LEDs LED Light Strips for Room Decor, Remote Control, RGB LED Strip Lights for Kitchen, TV LED Backlight Strip, Living Room","$20.99","$12.00 (36%)","36","https://www.amazon.ca/dp/B07RFFJ7YL?tag=lesdealsduw02-20&linkCode=osi&th=1&psc=1"
"lego","LEGO Creator 3 in 1 Flatbed Truck with Helicopter Toy, Transforms from Flatbed Truck Toy to Propeller Plane to Hot Rod and SUV Car Toys, Gift Idea for Boys and Girls Ages 7 Years Old and Up, 31146","$18.06","$6.93 (28%)","28","https://www.amazon.ca/dp/B0CGY4J7QT?tag=lesdealsduw02-20&linkCode=osi&th=1&psc=1"
"lego","LEGO Technic Off-Road Race Buggy Buildable Car Toy, Cool Toy for 8 Year Old Boys, Girls and Kids who Love Rally Contests, Race Car Toy Featuring Moving 4-Cylinder Engine and Working Suspension, 42164","$14.94","$10.05 (40%)","40","https://www.amazon.ca/dp/B0CGY2KWTB?tag=lesdealsduw02-20&linkCode=osi&th=1&psc=1"
"lego","LEGO Classic Large Creative Brick Box 10698 Building Toy Set, Toy Storage Solution for Home or Classrooms, Interactive Building Toy for Kids, Boys, and Girls","$51.37","$23.62 (31%)","31","https://www.amazon.ca/dp/B00NHQF6MG?tag=lesdealsduw02-20&linkCode=osi&th=1&psc=1"
"lego","LEGO Speed Champions Ferrari SF-24 F1 Race Car Toys - Building Sets for Kids, Boys & Girls, Ages 10+ - Ferrari F1 Model Car Kits for Display or Play - Gift Ideas for Birthdays and Fans - 77242","$25.63","$9.36 (27%)","27","https://www.amazon.ca/dp/B0DHLHWZT7?tag=lesdealsduw02-20&linkCode=osi&th=1&psc=1"
"lego","LEGO Creator 3 in 1 Playful Cat Toy - Building Toy with 3 Building Options, Cat, Dog, or Pigeon - Animal Figures for Kids, Girls and Boys, Ages 8+ - Gift Idea for Birthday - 31163","$19.98","$10.01 (33%)","33","https://www.amazon.ca/dp/B0DJ19581W?tag=lesdealsduw02-20&linkCode=osi&th=1&psc=1"
"memory foam pillow","NTCOCO 2 Pillows, Shredded Memory Foam Bed Pillows for Sleeping, with Washable Removable Cooling Hypoallergenic Sleep Pillow for Back and Side Sleeper, Queen (2-Pack)","$40.37","$39.62 (50%)","50","https://www.amazon.ca/dp/B09TZJZZPZ?tag=lesdealsduw02-20&linkCode=osi&th=1&psc=1"
"mothers day gifts","Wooden Music Box for mom Gifts You are My Sunshine Music Box, Laser Engraved Hand Crank Wooden Sunshine Music Box Gift for Mom Birthday/Mother's Day/Christmas(to mom)","$11.20","$3.79 (25%)","25","https://www.amazon.ca/dp/B09PRG1DMF?tag=lesdealsduw02-20&linkCode=osi&th=1&psc=1"
"mothers day gifts","GiftyTrove Gifts for Mom on Birthday, 5x3.8x0.5 Inch Butterfly-Shaped Acrylic Plaque Keepsake, Mothers Day Valentines Birthday Christmas Gifts for Mom Mother","$7.45","$2.54 (25%)","25","https://www.amazon.ca/dp/B0CQZPX4GP?tag=lesdealsduw02-20&linkCode=osi&th=1&psc=1"
"mothers day gifts","HEGUD for Mom Preserved Real Rose with I Love You Necklace Gifts for Her, Eternal Flowers Enchanted Flower Gifts for Women Mom Girlfriend Wife on Birthday Anniversaries Mothers' Day","$16.99","$23.00 (58%)","58","https://www.amazon.ca/dp/B09CTNFMQ7?tag=lesdealsduw02-20&linkCode=osi&th=1&psc=1"
"monitor","KOORUI 24 inch Computer Monitor,FHD (1920 x 1080) 100Hz 99% sRGB 3000:1,PC Desktop Monitors for Computer,HDMI/VGA Port, 100 x 100 mm VESA Mountable,Visioncare,Black","$109.99","$40.00 (27%)","27","https://www.amazon.ca/dp/B0C5HVPNGR?tag=lesdealsduw02-20&linkCode=osi&th=1&psc=1"
"monitor","KOORUI 24 Inch Gaming Monitor - FHD 1080P Curved Monitors 180Hz VA, Built-in Adaptive Sync with 1ms, 1500R with Ultra-Thin, HDMI X2 / DP, VESA Compatible, Tilt Adjustable, Eye Care 24E6CA","$139.99","$60.00 (30%)","30","https://www.amazon.ca/dp/B0C4DNVG5H?tag=lesdealsduw02-20&linkCode=osi&th=1&psc=1"
"new arrival","InterNos Womens Short Sleeve 2 Piece Tracksuit Outfit Sets Cotton Linen Shirt and High Waisted Mini Shorts Set, Blue, Large","$16.82","$7.18 (30%)","30","https://www.amazon.ca/dp/B0BYCYLWQ4?tag=lesdealsduw02-20&linkCode=osi&th=1&psc=1"
"nintendo switch","Nintendo Switch with Gray Joy‑Con™","$299.99","$100.00 (25%)","25","https://www.amazon.ca/dp/B07VJRZ62R?tag=lesdealsduw02-20&linkCode=osi&th=1&psc=1"
"office","HQCME 9 Pack Lined Sticky Notes, 4X6 in, 9 Pastel Colors Large Ruled Stickies Colorful Super Sticking Power Memo Pads Strong Adhesive, Sticky Notes with Lines for Home, Office","$10.99","$5.00 (31%)","31","https://www.amazon.ca/dp/B0CCVWXXRT?tag=lesdealsduw02-20&linkCode=osi&th=1&psc=1"
"office","Mr. Pen- Sticky Notes, 3""x3"", 12 Pads, Vintage Colors, Self-Stick Pads, Aesthetic, Bulk","$10.69","$8.30 (44%)","44","https://www.amazon.ca/dp/B0BKVTPT9C?tag=lesdealsduw02-20&linkCode=osi&th=1&psc=1"
"office chair","Sihoo Ergonomics Office Chair Computer Chair Desk Chair, Adjustable Headrests Chair Backrest and Armrest's Mesh Chair (Black)","$153.42","$96.46 (39%)","39","https://www.amazon.ca/dp/B07GNDDNMW?tag=lesdealsduw02-20&linkCode=osi&th=1&psc=1"
"outdoor plastic straw rug","Outdoor Rug 5x8 Waterproof Outdoor Carpet Reversible Patio Rug Portable Camping Rug Modern Abstract Plastic Straw RV Rug for Picnic Beach Balcony Pool Deck Foldable Rug","$28.49","$31.50 (53%)","53","https://www.amazon.ca/dp/B0CMX16M46?tag=lesdealsduw02-20&linkCode=osi&th=1&psc=1"
"outdoor plastic straw rug","Outdoor Rug 5x8 ft Outdoor Carpet Waterproof Patio Rugs-Fashion Reversible Outdoor Plastic Straw Camping Rug Carpet for Patio Camping Rv Picnic Backyard Deck Balcony Beach Rug,Grey & Black","$25.99","$29.00 (53%)","53","https://www.amazon.ca/dp/B0DFPGZ5TH?tag=lesdealsduw02-20&linkCode=osi&th=1&psc=1"
"outdoor plastic straw rug","Outdoor Rug 5x8 Ft, Waterproof Plastic Straw Patio Rug, Reversible Backyard Carpet UV Resistant Portable RV Mat Clearance, Large Indoor Outdoor Rug for Patio, Porch, Deck, Balcony, Teal","$31.73","$14.26 (31%)","31","https://www.amazon.ca/dp/B0CNTD13WN?tag=lesdealsduw02-20&linkCode=osi&th=1&psc=1"
"outdoor plastic straw rug","Outdoor Rug 5x8 ft Outdoor Carpet Fashion Camping Rugs-Modern Reversible Mat for Camping Plastic Straw Rugs for Patio RV Camper Balcony Backyard Picnic Deck Rug Dark Grey","$26.99","$21.89 (45%)","45","https://www.amazon.ca/dp/B0CMTNR7WK?tag=lesdealsduw02-20&linkCode=osi&th=1&psc=1"
"outdoor plastic straw rug","Pauwer Waterproof Outdoor Rug 6'x9', Reversible Outdoor Plastic Straw Rug, Outdoor Patio Rug for Camping, Outside RV Mat, Indoor Outdoor Rugs Carpet for RV, Picnic, Backyard, Deck, Balcony, Porch","$35.71","$14.28 (29%)","29","https://www.amazon.ca/dp/B0CKVMFFFN?tag=lesdealsduw02-20&linkCode=osi&th=1&psc=1"
"popular","Taco vs Burrito - The Wildly Popular Surprisingly Strategic Card Game Created by a 7 Year Old - 5 Ways to Play - a Family-Friendly Party Game for Kids, Teens & Adults","$18.99","$17.00 (47%)","47","https://www.amazon.ca/dp/B07JZTBV9C?tag=lesdealsduw02-20&linkCode=osi&th=1&psc=1"
"popular","IROO Mini Karaoke Machine for Kids, 2025 Popular Birthday Gifts Toys for Girls Boys 3-12+, Portable Bluetooth Speaker with 2 Wireless Mics, Noisemaker Toys for Family Party(Purple)","$19.99","$15.00 (43%)","43","https://www.amazon.ca/dp/B0CGRRGY6S?tag=lesdealsduw02-20&linkCode=osi&th=1&psc=1"
"portable charger","Portable-Charger-Power-Bank - 15000mAh Dual USB Power Bank Output 5V3.1A Fast Charger Portable Charger Compatible with Smartphones and All USB Devices (Black)","$16.98","$83.01 (83%)","83","https://www.amazon.ca/dp/B0C9HYJPZ4?tag=lesdealsduw02-20&linkCode=osi&th=1&psc=1"
"portable charger","RIENOO Portable Charger for iPhone, 5000 mAh Small Power Bank with LED Display, 20W Fast Charging Mini Portable Phone Charger Battery Bank for iPhone 14/14 Pro Max/13/12/XR/8/7/6,White","$20.99","$65.00 (76%)","76","https://www.amazon.ca/dp/B0DHGM624Q?tag=lesdealsduw02-20&linkCode=osi&th=1&psc=1"
"portable charger","VEGER Portable Charger for iPhone Built in Cables and Wall Plug, 10000mah Slim Fast Charging USB C Power Bank, Travel Essential Battery Pack Compatible with iPhones, iPad, Samsung, and More(Black)","$25.18","$14.81 (37%)","37","https://www.amazon.ca/dp/B097TQZ38L?tag=lesdealsduw02-20&linkCode=osi&th=1&psc=1"
"power tools","DEKOPRO 126-Piece Power Tool Combo Kit with 8V Cordless Drill, NiMh Battery, 10MM 3/8'' Keyless Chuck, DIY Hand Tools for Garden, Office, House Repair","$59.99","$40.00 (40%)","40","https://www.amazon.ca/dp/B0D2VRS76D?tag=lesdealsduw02-20&linkCode=osi&th=1&psc=1"
"power tools","Power Drill Cordless: DEKO PRO Cordless Drill 20V Electric Power Drill Set Tool Drills Cordless Set with Battery and Charger 20 Volt Drill Driver Kit","$49.99 ($49.99 / Count)","$20.00 (29%)","29","https://www.amazon.ca/dp/B0CC1RHJY1?tag=lesdealsduw02-20&linkCode=osi&th=1&psc=1"
"power tools","Power Drill Tool Set Kit：DEKOPRO Tools Sets Combo Box Set with 8V Cordless Electric Drill Driver for Home Basic Repair, Household Starter Kit Case","$69.99 ($69.99 / 126)","$30.00 (30%)","30","https://www.amazon.ca/dp/B0CMQ8D9NT?tag=lesdealsduw02-20&linkCode=osi&th=1&psc=1"
"reacher","EZPIK® PRO 36"" Long Reach Grabber Tool for Elderly - 90 cm Folding Magnetic Pick Up Stick - Grabber Stick for Disabled with Rotating Head","$26.95 ($26.95 / count)","$9.00 (25%)","25","https://www.amazon.ca/dp/B09QQDQ74H?tag=lesdealsduw02-20&linkCode=osi&th=1&psc=1"
"resistance bands","Pull Up Bands,Resistance Band,Stretching Assist Band, Portable Exercise, Muscle Training, Physical Therapy, Exercise Workout Bands for Working Out (Multicolor 5-100 LBS)","$18.66","$6.29 (25%)","25","https://www.amazon.ca/dp/B0C2KKTNZ4?tag=lesdealsduw02-20&linkCode=osi&th=1&psc=1"
"resistance bands","TheFitLife Exercise and Resistance Bands Set - Stackable up to 150 lbs Workout Tubes for Indoor and Outdoor Sports, Fitness, Suspension, Speed Strength, Baseball Softball Training, Home Gym, Yoga","$26.38","$10.60 (29%)","29","https://www.amazon.ca/dp/B077HV3RW5?tag=lesdealsduw02-20&linkCode=osi&th=1&psc=1"
"robot vacuum","Lefant Robot Vacuum Cleaner, Powerful Suction, 120 Min Runtime, 6 Cleaning Modes, Slim, Quiet, Self-Charging, WiFi/App/Alexa Control, Ideal for Pet Hair and Hard Floors(M210 Pro)","$135.99","$154.00 (53%)","53","https://www.amazon.ca/dp/B0DT93GNXL?tag=lesdealsduw02-20&linkCode=osi&th=1&psc=1"
"robot vacuum","ZCWA Robot Vacuum and Mop Combo,2.4GHz WiFi Link Vacuum Robot,4 Cleaning Mode Robotic Vacuums Cleaner,APP/Remote Aspiradora Robot,Self-Charging Robot Vacuum for Pet Hair,Stains,Carpets,Corner","$199.99","$480.00 (71%)","71","https://www.amazon.ca/dp/B0CW699223?tag=lesdealsduw02-20&linkCode=osi&th=1&psc=1"
"robot vacuum","Robot Vacuum and Mop Combo, 2 in 1 Mopping Robot Vacuum Cleaner with Schedule, Wi-Fi/App/Remote, 2000Pa Max Suction, Self-Charging Robotic Vacuum, Slim, Ideal for Hard Floor, Pet Hair, Low-Pile Carpet","$199.99","$470.00 (70%)","70","https://www.amazon.ca/dp/B0F8N1NJ7S?tag=lesdealsduw02-20&linkCode=osi&th=1&psc=1"
"robot vacuum","eufy BoostIQ RoboVac 11S (Slim), Robot Vacuum Cleaner, Super-Thin,Powerful Suction, Quiet, Self-Charging Robotic Vacuum Cleaner, Cleans Hard Floors to Medium-Pile Carpets","$149.99","$80.00 (35%)","35","https://www.amazon.ca/dp/B07DF9GVK9?tag=lesdealsduw02-20&linkCode=osi&th=1&psc=1"
"save","WASJOYE Security Home Safe Box - Cabinet Safe with Digital Keypad Safety Key Lock, 1.2 Cu Ft Safes Box for Home Business Office Hotel Money Document Jewellery Medicine Passport Watch Storage","$89.99","$50.00 (36%)","36","https://www.amazon.ca/dp/B089LJPMNM?tag=lesdealsduw02-20&linkCode=osi&th=1&psc=1"
"school backpack","Roots Essential 3-in-1 Matching Water Resistant Kids Backpack and Lunch Bag Set with Bonus Pencil Case - Made from 100% Recycled Fabrics -22.5 litres, Multi Ombre","$37.79","$22.20 (37%)","37","https://www.amazon.ca/dp/B0D6BSZZPM?tag=lesdealsduw02-20&linkCode=osi&th=1&psc=1"
"shower curtain","Waffle Weave Shower Curtain with Stainless Steel Hooks - 256 GSM Heavy Duty Fabric Bath Curtains, Hotel Luxury Quality, Water Resistant, Machine Washable, Weighted Hem, 72 x 72 Inches (White)","$25.11","$10.77 (30%)","30","https://www.amazon.ca/dp/B08FSR8QB7?tag=lesdealsduw02-20&linkCode=osi&th=1&psc=1"
"shower curtain","White Boho Fabric Shower Curtain 72 x 72 Inches, Modern Shabby Chic Textured Tufted Chevron Striped Minimalist Cloth Bathroom Shower Curtain","$24.99","$18.00 (42%)","42","https://www.amazon.ca/dp/B0BHS61H1N?tag=lesdealsduw02-20&linkCode=osi&th=1&psc=1"
"smart watch","Smart Watch for Men Women with Bluetooth Call, 1.83"" HD Touch with Alexa, IP68 Waterproof, 120+ Sports, 24/7 Heart Rate/Sleep Tracker for iPhone Android (Black)","$29.99","$170.00 (85%)","85","https://www.amazon.ca/dp/B0FDFKXVLJ?tag=lesdealsduw02-20&linkCode=osi&th=1&psc=1"
"smart watch","Smart Watch for Men Women, Bluetooth Calling, 1.83"" HD Touch Screen Fitness Tracker, 24/7 Heart Rate & Sleep Monitor, 100+ Sports Modes, IP68 Waterproof, DIY Dial, Compatible with Android & iOS","$29.99","$230.00 (88%)","88","https://www.amazon.ca/dp/B0F83F6942?tag=lesdealsduw02-20&linkCode=osi&th=1&psc=1"
"smart watch","Smart Watch for Men Women, 1.27"" HD Touchscreen Fitness Tracker, Bluetooth Calling, 100+ Sports Modes, Heart Rate Sleep Monitor, DIY Dial, IP68 Waterproof, Compatible with Android & iOS","$90.99","$309.00 (77%)","77","https://www.amazon.ca/dp/B0F4WHQ7FN?tag=lesdealsduw02-20&linkCode=osi&th=1&psc=1"
"smart watch","Smart Watch for Men Women with Bluetooth Call, 1.85"" HD Touch Screen Fitness Watch with Sleep Monitor/Heart Rate/SpO2, 100+ Sports Modes IP68 Waterproof Smartwatch for Android iOS","$24.99","$175.00 (88%)","88","https://www.amazon.ca/dp/B0F9TBPQW9?tag=lesdealsduw02-20&linkCode=osi&th=1&psc=1"
"smart watch","Smart Watch for Men Women, IP68 Waterproof, Bluetooth Calling, Fitness Tracker, Sleep Monitoring, 1.85'' DIY Dial, AI Built-in, 100+ Sports Modes, 7 Days Battery, Compatible with Android & iPhones","$32.49","$97.50 (75%)","75","https://www.amazon.ca/dp/B0DL5W34XP?tag=lesdealsduw02-20&linkCode=osi&th=1&psc=1"
"smartwatch","uaue AI Smart Watch with Voice Interaction– ChatGPT, Custom AI Watch Faces, Bluetooth Call, Health Insights Fitness Tracker, 1.91"" Smartwatch for Men Women,110+ Sports Heart Rate/Sleep Monitor IP68","$26.99","$173.00 (87%)","87","https://www.amazon.ca/dp/B0DWZW1HV7?tag=lesdealsduw02-20&linkCode=osi&th=1&psc=1"
"sport","Hydration Powder (45 Servings) - Canadian-Owned Electrolyte Drink Mix with Himalayan Salt for Dehydration Relief and Recovery - Aloha Punch","$21.63 ($10.92 / 100 g)","$11.36 (34%)","34","https://www.amazon.ca/dp/B0BVRVY6ZC?tag=lesdealsduw02-20&linkCode=osi&th=1&psc=1"
"sport","Pilamor Sports Headbands for Men (5 Pack),Moisture Wicking Workout Headband, Sweatband Headbands for Running,Cycling,Football, Yoga,Hairband for Women and Men(Gray, Green, White, Blue, Black)","$5.27","$3.42 (39%)","39","https://www.amazon.ca/dp/B091669827?tag=lesdealsduw02-20&linkCode=osi&th=1&psc=1"
"sport","Sensyne Resistance Bands Set 16PCS Exercise Band for Working Out Up to 150 lbs, for Indoor and Outdoor Sports, Fitness, Suspension, Speed Strength, Baseball Softball Training, Home Gym, Yoga","$29.99","$10.00 (25%)","25","https://www.amazon.ca/dp/B08JM4G4GS?tag=lesdealsduw02-20&linkCode=osi&th=1&psc=1"
"sportswear","Yvette Women's High Impact Sports Bras Full Support Criss Cross Back Sexy Running Bra for Plus Size, Black, L(AC)","$28.00","$29.99 (52%)","52","https://www.amazon.ca/dp/B08THHPDZD?tag=lesdealsduw02-20&linkCode=osi&th=1&psc=1"
"swimwear","RELLECIGA Women's Black Long Sleeve Rash Guard One Piece X-Large","$27.99","$15.00 (35%)","35","https://www.amazon.ca/dp/B08T5LZ2TS?tag=lesdealsduw02-20&linkCode=osi&th=1&psc=1"
"swimwear","Holipick One Shoulder One Piece Swimsuit for Women Tummy Control Bathing Suits Modest Full Coverage Keyhole Swimwear Black","$14.39","$6.20 (30%)","30","https://www.amazon.ca/dp/B0B6992WVV?tag=lesdealsduw02-20&linkCode=osi&th=1&psc=1"
"swimwear","Rekita Flowy Tankini Bathing Suits for Women Swimsuits Tankini Sets for Two Piece Swimwear","$29.99","$10.00 (25%)","25","https://www.amazon.ca/dp/B0BT9PR271?tag=lesdealsduw02-20&linkCode=osi&th=1&psc=1"
"swimwear","RELLECIGA Women's Black Bandeau Ruched Tankini Top Swimsuits Size X-Large","$27.99","$12.00 (30%)","30","https://www.amazon.ca/dp/B0CLQZ31MG?tag=lesdealsduw02-20&linkCode=osi&th=1&psc=1"
"swimsuit","RELLECIGA Women's Black Long Sleeve Rash Guard One Piece Medium","$27.99","$15.00 (35%)","35","https://www.amazon.ca/dp/B08T68R1T7?tag=lesdealsduw02-20&linkCode=osi&th=1&psc=1"
"swimsuit","BRISIRA Mens Swim Trunks Swim Shorts for Men Quick Dry 5 inch Inseam Beach Shorts with Compression Liner Zipper Pocket","$32.29","$17.70 (35%)","35","https://www.amazon.ca/dp/B09T9T6D6W?tag=lesdealsduw02-20&linkCode=osi&th=1&psc=1"
"switch","UGREEN Ethernet Switch, 5 Port Gigabit Ethernet Splitter, Plug & Play, Wall Mount & Desktop Network Switch Hub, Unmanaged, Compact, with LED, Fanless Quiet, for Internet Cable, Laptop, Router, NAS","$11.99","$8.00 (40%)","40","https://www.amazon.ca/dp/B0D9JBTBZB?tag=lesdealsduw02-20&linkCode=osi&th=1&psc=1"
"tablet","Tablet 10 Inch,Android 15 Tablet,Gemini AI 2.0 Android Tablets|12GB RAM+128GB ROM(TF 2TB)|5G WiFi|120Hz|6000mAh Fast Charging|1080P HD|Bluetooth 5.0|Smart Lens|GPS|2-Year Warranty-Grey","$119.99","$130.00 (52%)","52","https://www.amazon.ca/dp/B0FCF2W8PV?tag=lesdealsduw02-20&linkCode=osi&th=1&psc=1"
"tablet","Tablet Android 15 Tablet-11 Inch FHD Display, 24GB RAM 256GB ROM /2TB TF, T615 Octa-Core AI Tablets, 8000mAh/18W Fast Charge, 5G WiFi & 16MP Camera, TÜV Certified Netflix HD for Streaming/Gaming","$170.99","$109.00 (39%)","39","https://www.amazon.ca/dp/B0DZNFMPNX?tag=lesdealsduw02-20&linkCode=osi&th=1&psc=1"
"tablet","SGIN 10 Inch Tablet, 4GB RAM 128GB ROM, Android 13 Tablet, Octa-Core 2.0Ghz Processor, 1280 * 800 IPS, 2MP+8MP Camera, 6000mAh, GPS, WiFi, Bluetooth (Blue)","$139.99","$260.00 (65%)","65","https://www.amazon.ca/dp/B0F7LBGSJ8?tag=lesdealsduw02-20&linkCode=osi&th=1&psc=1"
"tech gadgets","VICHYIE 20 in 1 Multifunctional Cleaner Kit for Electronic Devices, Keyboard Cleaning Brush, Headphones Cleaner Kit for AirPods, Multi-Tool for Cleaning Laptop, Earbuds, Camera, Cellphones (White)","$16.14","$9.85 (38%)","38","https://www.amazon.ca/dp/B0CH9ZQ459?tag=lesdealsduw02-20&linkCode=osi&th=1&psc=1"
"tech gadgets","MUSICOZY Sleep Headphones, Bluetooth Headband Unique Gifts for Men Women, Ultra Soft Sleeping Headphones Wireless Music Headband Headphones for Yoga Sports Side Sleep Birthday Cool Tech Gadgets Gifts","$20.48","$9.51 (32%)","32","https://www.amazon.ca/dp/B0BJYSD3KX?tag=lesdealsduw02-20&linkCode=osi&th=1&psc=1"
"tech gadgets","LED Flashlight Gloves, Gifts for Men Dad Him Boyfriend Husband, Cool Gadget Hands-Free Lights for Camping Fishing Repairing, Fathers Day Christmas Birthday Gift","$14.24","$15.75 (53%)","53","https://www.amazon.ca/dp/B08ZJQCZJ4?tag=lesdealsduw02-20&linkCode=osi&th=1&psc=1"
"tech gadgets","TRZLIFE Desk Vacuum Cleaner, Upgraded Mini Desktop Vacuum AA Battery More Durable Desk Accessory Sucks up Tiny Items and Crumbs from Desktop Drawer Countertop Ideal as an Easter White Elephant Gift","$16.78","$16.99 (50%)","50","https://www.amazon.ca/dp/B096XG4RZ4?tag=lesdealsduw02-20&linkCode=osi&th=1&psc=1"
"tools","DEKOPRO Drill Set: Tool Set with 8V Pink Cordless Drill, Home Tool Kit with Drill, DIY Hand Tool Kits for Women Garden Office House Repair 126 Piece","$69.99","$30.00 (30%)","30","https://www.amazon.ca/dp/B0BXC81MFC?tag=lesdealsduw02-20&linkCode=osi&th=1&psc=1"
"tools","Endoscope Camera with Light, Borescope Camera with 4.3"" IPS Screen, 1080P HD with 8 LED Lights, 16.4FT Semi-Rigid Cord Bore Scope, IP67 Waterproof Endoscope Cool Gadgets for Men","$39.99","$20.00 (33%)","33","https://www.amazon.ca/dp/B0C3R381FC?tag=lesdealsduw02-20&linkCode=osi&th=1&psc=1"
"tools","LEXIVON Impact Grade Socket Adapter Set, 3"" Extension Bit with Holder | 3-Piece 1/4"", 3/8"", and 1/2"" Drive, Adapt Your Power Drill to High Torque Impact Wrench (LX-101)","$9.97","$6.65 (40%)","40","https://www.amazon.ca/dp/B07MH3MGGF?tag=lesdealsduw02-20&linkCode=osi&th=1&psc=1"
"tools","Upgrade, Push to Unlock,katerk 6pcs 1/4 inch Hex Shank Aluminum Alloy Screwdriver Bits Holder Light-weight Quick-change Extension Bar Keychain Drill Screw Adapter Change Portable, With Black Carabiner","$14.39","$5.60 (28%)","28","https://www.amazon.ca/dp/B0B2ZPTMW6?tag=lesdealsduw02-20&linkCode=osi&th=1&psc=1"
"toys","Mattel Games Magic 8 Ball Toys and Games, Original Fortune Teller Ball, Ask a Question and Turn Over For Answer​​","$9.08","$3.91 (30%)","30","https://www.amazon.ca/dp/B00001ZWV7?tag=lesdealsduw02-20&linkCode=osi&th=1&psc=1"
"toys","Toys for Girls Boys, Colorful Doodle Board Drawing Tablet, Memo Board, Drawing Pads with Lanyard, Travel Educational Toys Gifts for Boys Girls Age 3 4 5 6 7 8 9 Years (Pink)","$19.99","$19.01 (49%)","49","https://www.amazon.ca/dp/B0B13V1J68?tag=lesdealsduw02-20&linkCode=osi&th=1&psc=1"
"toys","Pop Tubes Robot Toys Fidget Toys 4 Packs Suction Cup Sensory Toys for Autism Toddler Kids Boys Girls Travel Essentials Resturant Airplane Activities Beach Summer Party Favors","$10.28","$11.71 (53%)","53","https://www.amazon.ca/dp/B0CY4VCMZB?tag=lesdealsduw02-20&linkCode=osi&th=1&psc=1"
"towel","Utopia Towels 4 Pack Cabana Stripe Beach Towels (30x60 inches) - 100% Ring Spun Cotton Large Pool Towels, Soft and Quick Dry Swim Towels (Blue, Green, Orange & Yellow)","$39.39","$16.60 (30%)","30","https://www.amazon.ca/dp/B00AA4H9BE?tag=lesdealsduw02-20&linkCode=osi&th=1&psc=1"
"towel","Lane Linen Luxury Bath Towels Set of 4 (28"" x 54"") - 100% Cotton Towels for Bathroom - Zero Twist, High Absorbency, Quick Dry Grey Towels Set - Super Soft Grey Bathroom Towels Set - Cool Grey","$34.99","$20.00 (36%)","36","https://www.amazon.ca/dp/B0CTFT7534?tag=lesdealsduw02-20&linkCode=osi&th=1&psc=1"
"tumblers","Contigo Streeterville Tumbler, 40 oz (1.18 L), Insulated Stainless Steel Water Bottle with Straw and Leak-Proof Lid, Salt","$19.99","$12.31 (38%)","38","https://www.amazon.ca/dp/B0DFN2543T?tag=lesdealsduw02-20&linkCode=osi&th=1&psc=1"
"tumblers","40 oz Tumbler with Handle and Straw, 2 Lids (2 in 1 & Leakproof Lid) - Vacuum Insulated Stainless Steel Double Wall Water Bottle Travel Coffee Mug - Holiday Gifts for Women Men","$16.99","$6.49 (28%)","28","https://www.amazon.ca/dp/B0CFL1R3CV?tag=lesdealsduw02-20&linkCode=osi&th=1&psc=1"
"tumblers","Insulated Tumbler with Straw Lid & Handle - 40oz (2 Lids) - Vacuum Leakproof Double Walled Stainless Steel Travel Mug Cup for Coffee Tea Water Hold Cold Iced Drinks - Fits Car Cup Holder","$19.99","$13.00 (39%)","39","https://www.amazon.ca/dp/B0C4ZZBD71?tag=lesdealsduw02-20&linkCode=osi&th=1&psc=1"
"usb c hub","SABRENT USB C Hub Multiport Adapter, 5 in 1 USB-C to HDMI Adapter, 4K HDMI, 100W Power Delivery, USB 3.0 Port, USB-C to USB Adapter, HDMI to USB C Compatible for USB C Laptops and Other Type C Devices","$13.99","$14.00 (50%)","50","https://www.amazon.ca/dp/B08V3PHKR8?tag=lesdealsduw02-20&linkCode=osi&th=1&psc=1"
"usb c hub","BENFEI 7-in-1 USB C Hub with HDMI(4K@60Hz), 2 USB-A, 1 USB-C Data, 100W Charge, SD/TF Card Reader, Silicone Tangle-Free Cable Compatible with MacBook Pro/Air, iPad Pro, iMac, iPhone 15 Pro/Pro Max","$17.98","$8.01 (31%)","31","https://www.amazon.ca/dp/B0DC7144W1?tag=lesdealsduw02-20&linkCode=osi&th=1&psc=1"
"usb c hub","USB C Hub HDMI Adapter for MacBook Pro/Air, 7 in 1 USB C Dongle with HDMI, SD/TF Card Reader, USBC Data Port,100W PD, and 2 USB 3.0 Compatible for MacBook Pro/Air, Dell XPS, Lenovo Thinkpad","$20.79","$29.20 (58%)","58","https://www.amazon.ca/dp/B07VN4KQX1?tag=lesdealsduw02-20&linkCode=osi&th=1&psc=1"
"vacuum cleaner","MQDXE Cordless Stick Vacuum Cleaner: 550W Powerful Suction, LED Display, 55 Min Runtime, Anti-Tangle Brush, Rechargeable Battery, Lightweight for Home, Pet Hair, Hard Floors, Carpet","$169.99","$330.00 (66%)","66","https://www.amazon.ca/dp/B0DGPLQSYM?tag=lesdealsduw02-20&linkCode=osi&th=1&psc=1"
"vacuum cleaner","80,000PRM Motor Cordless Vacuum for Home, Vacuum Cleaner with 2 Adjustable Modes, 2200mAH Battery Max 35 Mins Runtime, and Washable Parts Stick Vacuum (Tender White)","$169.99","$400.00 (70%)","70","https://www.amazon.ca/dp/B0FBFM2GXB?tag=lesdealsduw02-20&linkCode=osi&th=1&psc=1"
"vacuum cleaner","Cordless Vacuum Cleaner, 45KPa/500W/60Mins/3 Modes, Cordless Stick Vacuum with LED Display & Foldable Lightweight Design, Rechargeable Handle Cleaners for Home, Pet Hair, Carpet, Hard Floor(Purple-1)","$199.99","$300.00 (60%)","60","https://www.amazon.ca/dp/B0F6ZQQJ9W?tag=lesdealsduw02-20&linkCode=osi&th=1&psc=1"
"video games","Retro Game Console, Wireless Retro Game Console, Plug & Play Video TV Game with 24500+ Built-in Games, 4K HD Output, and 2.4GHz Wireless Controller, 9 Classic Emulators(Black)","$27.22","$12.76 (32%)","32","https://www.amazon.ca/dp/B0FFLXFC5F?tag=lesdealsduw02-20&linkCode=osi&th=1&psc=1"
"video projector","【Short Throw/Built-in Apps】 1080P Mini Projector with WiFi 6 and Bluetooth, Portable Outdoor Projector with 【Auto Keystone】, 270°Rotation Movie Projector Compatible with HDMI, USB, Smartphone","$99.99","$60.00 (38%)","38","https://www.amazon.ca/dp/B0D2H6BCDJ?tag=lesdealsduw02-20&linkCode=osi&th=1&psc=1"
"video projector","[270°Adjustable Stand] Mini Projector with 5G WiFi and Bluetooth, WiMiUS S27 Portable Projector 1080P, 200"" Screen Bluetooth Projector, Auto Keystone Outdoor Projector for Phone/TV Stick/HDMI/PS5","$134.99","$65.00 (33%)","33","https://www.amazon.ca/dp/B0CB5K4SGH?tag=lesdealsduw02-20&linkCode=osi&th=1&psc=1"
"video projector","[1000ANSI/Built-in-Apps/25W Dolby Audio] Smart Projector 4K, Mini Projector Bluetooth 5.2 & WiFi 6: 4D/4P Keystone+Electric Focus, Native 1080P, HDR10+, Lisowod Portable Projecteur for Outdoor Movie","$309.99","$130.00 (30%)","30","https://www.amazon.ca/dp/B0D9XBD49H?tag=lesdealsduw02-20&linkCode=osi&th=1&psc=1"
"video projector","【Built-in Apps】Mini Projector 1080P, 4K Projector Full HD with WiFi 6 and Bluetooth 5.2, Support 180° Rotatable Portable Projector with Auto Keystone Correction, Compatible with Phone/HDMI/USB-White","$79.99","$40.00 (33%)","33","https://www.amazon.ca/dp/B0DXFTJHYQ?tag=lesdealsduw02-20&linkCode=osi&th=1&psc=1"
"video projector","Mini Projector, Support 4K 1080P Portable Projector with Dual Band WiFi6 5G and Bluetooth 5.4, 270° Rotatable, Auto Keystone Correction, 35""-100"" Video Projecto Compatible with HDMI/USB/Phone - White","$80.99","$29.00 (26%)","26","https://www.amazon.ca/dp/B0F6TNH3JX?tag=lesdealsduw02-20&linkCode=osi&th=1&psc=1"
"water","EVIAN SPRING WATER 24 X 330ML","$16.50 ($5,000.00 / 100 ml)","$42.81 (72%)","72","https://www.amazon.ca/dp/B0C6MRQ2L7?tag=lesdealsduw02-20&linkCode=osi&th=1&psc=1"
"water bottle","Contigo Streeterville Tumbler, 40 oz (1.18 L), Insulated Stainless Steel Water Bottle with Straw and Leak-Proof Lid, Inky Cap","$19.99","$27.00 (57%)","57","https://www.amazon.ca/dp/B0CXVKC3MD?tag=lesdealsduw02-20&linkCode=osi&th=1&psc=1"
"water bottle","Sahara Sailor Water Bottle, 32oz Motivational Sports Water Bottle with Time Marker - Times to Drink - Tritan, BPA Free, Wide Mouth Leakproof, Fast Flow Technology with Clean Brush (1 Bottle)","$15.99","$9.00 (36%)","36","https://www.amazon.ca/dp/B09FPXDLKR?tag=lesdealsduw02-20&linkCode=osi&th=1&psc=1"
"water bottle","Contigo Jackson 2.0 Tritan Water Bottle with Leak-Proof AUTOPOP Locking Lid, BPA-Free Plastic, Dishwasher Safe, Licorice, 24 oz (709 mL)","$12.79","$7.20 (36%)","36","https://www.amazon.ca/dp/B0D315FVHZ?tag=lesdealsduw02-20&linkCode=osi&th=1&psc=1"
"water bottle","QLUR Water Bottle with Straw, 32oz Sports Motivational Water Bottle with Time Markings to Drink & Carry Strap & Clean Brush, 1L, Tritan, BPA Free, LeakProof for Women Men Gym Fitness Outdoor (1 Pack)","$16.99","$8.00 (32%)","32","https://www.amazon.ca/dp/B0CDQ81X9T?tag=lesdealsduw02-20&linkCode=osi&th=1&psc=1"
"wallet","Zitahli Mens Slim Wallet Larger Capacity with 12 Slots RFID Blocking Minimalist Bifold Front Pocket Wallet for Men with ID Window","$20.78","$19.21 (48%)","48","https://www.amazon.ca/dp/B097GLJ758?tag=lesdealsduw02-20&linkCode=osi&th=1&psc=1"
"wall plates and covers","BESTTEN 10 Pack of 1-Gang Screwless Wall Plate, USWP6 Gloss Snow White Series, Decorator Outlet Cover, 11.91cm x 7.39cm, Switch Plate Cover for Light Switch, Dimmer, GFCI, USB Receptacle","$17.99","$12.00 (40%)","40","https://www.amazon.ca/dp/B07HRF6GXH?tag=lesdealsduw02-20&linkCode=osi&th=1&psc=1"
"wireless earbuds","Wireless Earbuds, Bluetooth 5.4 Ear Buds with Power Display Charging Case, Stereo Deep Bass Headphones with 48H Playtime, IPX7 Waterproof, for Laptop, Android/iOS, Pad, Blue","$24.99","$175.00 (88%)","88","https://www.amazon.ca/dp/B0F9LF9JL6?tag=lesdealsduw02-20&linkCode=osi&th=1&psc=1"
"workout equipment","Ayombo Pilates Bar Kit with Resistance Bands, Pilates Workout Equipment for Legs, Hip, Waist, Arm, Squats Equipment for Home Workouts, Adjustable 3-Section Resistance Bands with Bar for Women & Men","$23.73","$12.24 (34%)","34","https://www.amazon.ca/dp/B0CQJF738Z?tag=lesdealsduw02-20&linkCode=osi&th=1&psc=1"
"workout equipment","homimanor 26lb Thigh Trainer Thigh Exerciser, Hip & Inner Thigh Exercise Equipment, Pelvic Floor Muscle Trainer with Figure 8 Resistance Band for Arm Leg, Kegel Exercise Products for Women","$19.99","$7.00 (26%)","26","https://www.amazon.ca/dp/B0BWRV25FG?tag=lesdealsduw02-20&linkCode=osi&th=1&psc=1"